[
  {
    "city": "Rome", 
    "lat": "41.8931", 
    "lng": "12.4828", 
    "country": "Italy", 
    "iso2": "IT", 
    "admin_name": "Lazio", 
    "capital": "primary", 
    "population": "2872800", 
    "population_proper": "2872800"
  }, 
  {
    "city": "Milan", 
    "lat": "45.4669", 
    "lng": "9.1900", 
    "country": "Italy", 
    "iso2": "IT", 
    "admin_name": "Lombardy", 
    "capital": "admin", 
    "population": "1366180", 
    "population_proper": "1366180"
  }, 
  {
    "city": "Naples", 
    "lat": "40.8333", 
    "lng": "14.2500", 
    "country": "Italy", 
    "iso2": "IT", 
    "admin_name": "Campania", 
    "capital": "admin", 
    "population": "966144", 
    "population_proper": "966144"
  }, 
  {
    "city": "Turin", 
    "lat": "45.0792", 
    "lng": "7.6761", 
    "country": "Italy", 
    "iso2": "IT", 
    "admin_name": "Piedmont", 
    "capital": "admin", 
    "population": "870952", 
    "population_proper": "870952"
  }, 
  {
    "city": "Palermo", 
    "lat": "38.1157", 
    "lng": "13.3613", 
    "country": "Italy", 
    "iso2": "IT", 
    "admin_name": "Sicilia", 
    "capital": "admin", 
    "population": "668405", 
    "population_proper": "668405"
  }, 
  {
    "city": "Genoa", 
    "lat": "44.4111", 
    "lng": "8.9328", 
    "country": "Italy", 
    "iso2": "IT", 
    "admin_name": "Liguria", 
    "capital": "admin", 
    "population": "580097", 
    "population_proper": "580097"
  }, 
  {
    "city": "Bologna", 
    "lat": "44.4939", 
    "lng": "11.3428", 
    "country": "Italy", 
    "iso2": "IT", 
    "admin_name": "Emilia-Romagna", 
    "capital": "admin", 
    "population": "392564", 
    "population_proper": "392564"
  }, 
  {
    "city": "Florence", 
    "lat": "43.7714", 
    "lng": "11.2542", 
    "country": "Italy", 
    "iso2": "IT", 
    "admin_name": "Tuscany", 
    "capital": "admin", 
    "population": "380948", 
    "population_proper": "380948"
  }, 
  {
    "city": "Bari", 
    "lat": "41.1253", 
    "lng": "16.8667", 
    "country": "Italy", 
    "iso2": "IT", 
    "admin_name": "Puglia", 
    "capital": "admin", 
    "population": "323370", 
    "population_proper": "323370"
  }, 
  {
    "city": "Catania", 
    "lat": "37.5000", 
    "lng": "15.0903", 
    "country": "Italy", 
    "iso2": "IT", 
    "admin_name": "Sicilia", 
    "capital": "minor", 
    "population": "311584", 
    "population_proper": "311584"
  }, 
  {
    "city": "Venice", 
    "lat": "45.4397", 
    "lng": "12.3319", 
    "country": "Italy", 
    "iso2": "IT", 
    "admin_name": "Veneto", 
    "capital": "admin", 
    "population": "261321", 
    "population_proper": "254850"
  }, 
  {
    "city": "Verona", 
    "lat": "45.4386", 
    "lng": "10.9928", 
    "country": "Italy", 
    "iso2": "IT", 
    "admin_name": "Veneto", 
    "capital": "minor", 
    "population": "257275", 
    "population_proper": "257275"
  }, 
  {
    "city": "Messina", 
    "lat": "38.1936", 
    "lng": "15.5542", 
    "country": "Italy", 
    "iso2": "IT", 
    "admin_name": "Sicilia", 
    "capital": "minor", 
    "population": "234293", 
    "population_proper": "234293"
  }, 
  {
    "city": "Padova", 
    "lat": "45.4064", 
    "lng": "11.8778", 
    "country": "Italy", 
    "iso2": "IT", 
    "admin_name": "Veneto", 
    "capital": "minor", 
    "population": "210440", 
    "population_proper": "210440"
  }, 
  {
    "city": "Trieste", 
    "lat": "45.6503", 
    "lng": "13.7703", 
    "country": "Italy", 
    "iso2": "IT", 
    "admin_name": "Friuli Venezia Giulia", 
    "capital": "admin", 
    "population": "204338", 
    "population_proper": "204338"
  }, 
  {
    "city": "Cosenza", 
    "lat": "39.3000", 
    "lng": "16.2500", 
    "country": "Italy", 
    "iso2": "IT", 
    "admin_name": "Calabria", 
    "capital": "minor", 
    "population": "200257", 
    "population_proper": "67239"
  }, 
  {
    "city": "Taranto", 
    "lat": "40.4711", 
    "lng": "17.2431", 
    "country": "Italy", 
    "iso2": "IT", 
    "admin_name": "Puglia", 
    "capital": "minor", 
    "population": "198283", 
    "population_proper": "198283"
  }, 
  {
    "city": "Brescia", 
    "lat": "45.5389", 
    "lng": "10.2203", 
    "country": "Italy", 
    "iso2": "IT", 
    "admin_name": "Lombardy", 
    "capital": "minor", 
    "population": "196745", 
    "population_proper": "196745"
  }, 
  {
    "city": "Parma", 
    "lat": "44.8015", 
    "lng": "10.3280", 
    "country": "Italy", 
    "iso2": "IT", 
    "admin_name": "Emilia-Romagna", 
    "capital": "minor", 
    "population": "195687", 
    "population_proper": "195687"
  }, 
  {
    "city": "Prato", 
    "lat": "43.8808", 
    "lng": "11.0966", 
    "country": "Italy", 
    "iso2": "IT", 
    "admin_name": "Tuscany", 
    "capital": "minor", 
    "population": "193325", 
    "population_proper": "193325"
  }, 
  {
    "city": "Modena", 
    "lat": "44.6458", 
    "lng": "10.9257", 
    "country": "Italy", 
    "iso2": "IT", 
    "admin_name": "Emilia-Romagna", 
    "capital": "minor", 
    "population": "185273", 
    "population_proper": "185273"
  }, 
  {
    "city": "Reggio di Calabria", 
    "lat": "38.1144", 
    "lng": "15.6500", 
    "country": "Italy", 
    "iso2": "IT", 
    "admin_name": "Calabria", 
    "capital": "minor", 
    "population": "181447", 
    "population_proper": "181447"
  }, 
  {
    "city": "Reggio Emilia", 
    "lat": "44.7000", 
    "lng": "10.6333", 
    "country": "Italy", 
    "iso2": "IT", 
    "admin_name": "Emilia-Romagna", 
    "capital": "minor", 
    "population": "171944", 
    "population_proper": "171944"
  }, 
  {
    "city": "Perugia", 
    "lat": "43.1122", 
    "lng": "12.3889", 
    "country": "Italy", 
    "iso2": "IT", 
    "admin_name": "Umbria", 
    "capital": "admin", 
    "population": "165683", 
    "population_proper": "165683"
  }, 
  {
    "city": "Ravenna", 
    "lat": "44.4161", 
    "lng": "12.2017", 
    "country": "Italy", 
    "iso2": "IT", 
    "admin_name": "Emilia-Romagna", 
    "capital": "minor", 
    "population": "159115", 
    "population_proper": "159115"
  }, 
  {
    "city": "Livorno", 
    "lat": "43.5519", 
    "lng": "10.3083", 
    "country": "Italy", 
    "iso2": "IT", 
    "admin_name": "Tuscany", 
    "capital": "minor", 
    "population": "158371", 
    "population_proper": "158371"
  }, 
  {
    "city": "Cagliari", 
    "lat": "39.2278", 
    "lng": "9.1111", 
    "country": "Italy", 
    "iso2": "IT", 
    "admin_name": "Sardegna", 
    "capital": "admin", 
    "population": "154106", 
    "population_proper": "154106"
  }, 
  {
    "city": "Foggia", 
    "lat": "41.4642", 
    "lng": "15.5461", 
    "country": "Italy", 
    "iso2": "IT", 
    "admin_name": "Puglia", 
    "capital": "minor", 
    "population": "151372", 
    "population_proper": "146803"
  }, 
  {
    "city": "Rimini", 
    "lat": "44.0594", 
    "lng": "12.5683", 
    "country": "Italy", 
    "iso2": "IT", 
    "admin_name": "Emilia-Romagna", 
    "capital": "minor", 
    "population": "149403", 
    "population_proper": "149403"
  }, 
  {
    "city": "Salerno", 
    "lat": "40.6806", 
    "lng": "14.7597", 
    "country": "Italy", 
    "iso2": "IT", 
    "admin_name": "Campania", 
    "capital": "minor", 
    "population": "133970", 
    "population_proper": "133970"
  }, 
  {
    "city": "Ferrara", 
    "lat": "44.8333", 
    "lng": "11.6167", 
    "country": "Italy", 
    "iso2": "IT", 
    "admin_name": "Emilia-Romagna", 
    "capital": "minor", 
    "population": "132278", 
    "population_proper": "132278"
  }, 
  {
    "city": "Latina", 
    "lat": "41.4672", 
    "lng": "12.9036", 
    "country": "Italy", 
    "iso2": "IT", 
    "admin_name": "Lazio", 
    "capital": "minor", 
    "population": "126470", 
    "population_proper": "126470"
  }, 
  {
    "city": "Giugliano in Campania", 
    "lat": "40.9319", 
    "lng": "14.1956", 
    "country": "Italy", 
    "iso2": "IT", 
    "admin_name": "Campania", 
    "capital": "", 
    "population": "124361", 
    "population_proper": "124361"
  }, 
  {
    "city": "Monza", 
    "lat": "45.5836", 
    "lng": "9.2736", 
    "country": "Italy", 
    "iso2": "IT", 
    "admin_name": "Lombardy", 
    "capital": "minor", 
    "population": "123598", 
    "population_proper": "123598"
  }, 
  {
    "city": "Siracusa", 
    "lat": "37.0692", 
    "lng": "15.2875", 
    "country": "Italy", 
    "iso2": "IT", 
    "admin_name": "Sicilia", 
    "capital": "minor", 
    "population": "121171", 
    "population_proper": "121171"
  }, 
  {
    "city": "Bergamo", 
    "lat": "45.6950", 
    "lng": "9.6700", 
    "country": "Italy", 
    "iso2": "IT", 
    "admin_name": "Lombardy", 
    "capital": "minor", 
    "population": "120923", 
    "population_proper": "120923"
  }, 
  {
    "city": "Pescara", 
    "lat": "42.4643", 
    "lng": "14.2142", 
    "country": "Italy", 
    "iso2": "IT", 
    "admin_name": "Abruzzo", 
    "capital": "minor", 
    "population": "119217", 
    "population_proper": "119217"
  }, 
  {
    "city": "Trento", 
    "lat": "46.0667", 
    "lng": "11.1167", 
    "country": "Italy", 
    "iso2": "IT", 
    "admin_name": "Trentino-Alto Adige", 
    "capital": "admin", 
    "population": "117997", 
    "population_proper": "117997"
  }, 
  {
    "city": "Forlì", 
    "lat": "44.2333", 
    "lng": "12.0500", 
    "country": "Italy", 
    "iso2": "IT", 
    "admin_name": "Emilia-Romagna", 
    "capital": "minor", 
    "population": "117863", 
    "population_proper": "117863"
  }, 
  {
    "city": "Sassari", 
    "lat": "40.7267", 
    "lng": "8.5592", 
    "country": "Italy", 
    "iso2": "IT", 
    "admin_name": "Sardegna", 
    "capital": "minor", 
    "population": "116641", 
    "population_proper": "116641"
  }, 
  {
    "city": "Vicenza", 
    "lat": "45.5500", 
    "lng": "11.5500", 
    "country": "Italy", 
    "iso2": "IT", 
    "admin_name": "Veneto", 
    "capital": "minor", 
    "population": "111620", 
    "population_proper": "111620"
  }, 
  {
    "city": "Terni", 
    "lat": "42.5619", 
    "lng": "12.6414", 
    "country": "Italy", 
    "iso2": "IT", 
    "admin_name": "Umbria", 
    "capital": "minor", 
    "population": "111189", 
    "population_proper": "111189"
  }, 
  {
    "city": "Bolzano", 
    "lat": "46.4981", 
    "lng": "11.3548", 
    "country": "Italy", 
    "iso2": "IT", 
    "admin_name": "Trentino-Alto Adige", 
    "capital": "minor", 
    "population": "107317", 
    "population_proper": "107317"
  }, 
  {
    "city": "Novara", 
    "lat": "45.4500", 
    "lng": "8.6167", 
    "country": "Italy", 
    "iso2": "IT", 
    "admin_name": "Piedmont", 
    "capital": "minor", 
    "population": "104183", 
    "population_proper": "104183"
  }, 
  {
    "city": "Piacenza", 
    "lat": "45.0500", 
    "lng": "9.7000", 
    "country": "Italy", 
    "iso2": "IT", 
    "admin_name": "Emilia-Romagna", 
    "capital": "minor", 
    "population": "103082", 
    "population_proper": "103082"
  }, 
  {
    "city": "Ancona", 
    "lat": "43.6169", 
    "lng": "13.5167", 
    "country": "Italy", 
    "iso2": "IT", 
    "admin_name": "Marche", 
    "capital": "admin", 
    "population": "100924", 
    "population_proper": "100924"
  }, 
  {
    "city": "Udine", 
    "lat": "46.0667", 
    "lng": "13.2333", 
    "country": "Italy", 
    "iso2": "IT", 
    "admin_name": "Friuli Venezia Giulia", 
    "capital": "minor", 
    "population": "99518", 
    "population_proper": "99518"
  }, 
  {
    "city": "Catanzaro", 
    "lat": "38.9000", 
    "lng": "16.6000", 
    "country": "Italy", 
    "iso2": "IT", 
    "admin_name": "Calabria", 
    "capital": "admin", 
    "population": "89718", 
    "population_proper": "89718"
  }, 
  {
    "city": "Mestre", 
    "lat": "45.4906", 
    "lng": "12.2381", 
    "country": "Italy", 
    "iso2": "IT", 
    "admin_name": "Veneto", 
    "capital": "", 
    "population": "89376", 
    "population_proper": "89376"
  }, 
  {
    "city": "Torre del Greco", 
    "lat": "40.7853", 
    "lng": "14.3953", 
    "country": "Italy", 
    "iso2": "IT", 
    "admin_name": "Campania", 
    "capital": "", 
    "population": "85332", 
    "population_proper": "85332"
  }, 
  {
    "city": "Treviso", 
    "lat": "45.6722", 
    "lng": "12.2422", 
    "country": "Italy", 
    "iso2": "IT", 
    "admin_name": "Veneto", 
    "capital": "minor", 
    "population": "84954", 
    "population_proper": "84954"
  }, 
  {
    "city": "Como", 
    "lat": "45.8103", 
    "lng": "9.0861", 
    "country": "Italy", 
    "iso2": "IT", 
    "admin_name": "Lombardy", 
    "capital": "minor", 
    "population": "83320", 
    "population_proper": "83320"
  }, 
  {
    "city": "Busto Arsizio", 
    "lat": "45.6120", 
    "lng": "8.8518", 
    "country": "Italy", 
    "iso2": "IT", 
    "admin_name": "Lombardy", 
    "capital": "", 
    "population": "83045", 
    "population_proper": "83045"
  }, 
  {
    "city": "Sesto San Giovanni", 
    "lat": "45.5333", 
    "lng": "9.2333", 
    "country": "Italy", 
    "iso2": "IT", 
    "admin_name": "Lombardy", 
    "capital": "", 
    "population": "81773", 
    "population_proper": "81773"
  }, 
  {
    "city": "Pozzuoli", 
    "lat": "40.8231", 
    "lng": "14.1222", 
    "country": "Italy", 
    "iso2": "IT", 
    "admin_name": "Campania", 
    "capital": "", 
    "population": "81141", 
    "population_proper": "81141"
  }, 
  {
    "city": "Varese", 
    "lat": "45.8167", 
    "lng": "8.8333", 
    "country": "Italy", 
    "iso2": "IT", 
    "admin_name": "Lombardy", 
    "capital": "minor", 
    "population": "80544", 
    "population_proper": "80544"
  }, 
  {
    "city": "Casoria", 
    "lat": "40.9000", 
    "lng": "14.3000", 
    "country": "Italy", 
    "iso2": "IT", 
    "admin_name": "Campania", 
    "capital": "", 
    "population": "77087", 
    "population_proper": "77087"
  }, 
  {
    "city": "Cinisello Balsamo", 
    "lat": "45.5500", 
    "lng": "9.2167", 
    "country": "Italy", 
    "iso2": "IT", 
    "admin_name": "Lombardy", 
    "capital": "", 
    "population": "75723", 
    "population_proper": "75723"
  }, 
  {
    "city": "Caserta", 
    "lat": "41.0667", 
    "lng": "14.3333", 
    "country": "Italy", 
    "iso2": "IT", 
    "admin_name": "Campania", 
    "capital": "minor", 
    "population": "75561", 
    "population_proper": "75561"
  }, 
  {
    "city": "Ragusa", 
    "lat": "36.9250", 
    "lng": "14.7306", 
    "country": "Italy", 
    "iso2": "IT", 
    "admin_name": "Sicilia", 
    "capital": "minor", 
    "population": "73638", 
    "population_proper": "73638"
  }, 
  {
    "city": "L’Aquila", 
    "lat": "42.3500", 
    "lng": "13.4000", 
    "country": "Italy", 
    "iso2": "IT", 
    "admin_name": "Abruzzo", 
    "capital": "admin", 
    "population": "69439", 
    "population_proper": "69439"
  }, 
  {
    "city": "Potenza", 
    "lat": "40.6333", 
    "lng": "15.8000", 
    "country": "Italy", 
    "iso2": "IT", 
    "admin_name": "Basilicata", 
    "capital": "admin", 
    "population": "67211", 
    "population_proper": "67211"
  }, 
  {
    "city": "Castellammare di Stabia", 
    "lat": "40.6947", 
    "lng": "14.4803", 
    "country": "Italy", 
    "iso2": "IT", 
    "admin_name": "Campania", 
    "capital": "", 
    "population": "65922", 
    "population_proper": "65922"
  }, 
  {
    "city": "Afragola", 
    "lat": "40.9167", 
    "lng": "14.3167", 
    "country": "Italy", 
    "iso2": "IT", 
    "admin_name": "Campania", 
    "capital": "", 
    "population": "64817", 
    "population_proper": "64817"
  }, 
  {
    "city": "Legnano", 
    "lat": "45.5781", 
    "lng": "8.9183", 
    "country": "Italy", 
    "iso2": "IT", 
    "admin_name": "Lombardy", 
    "capital": "", 
    "population": "60177", 
    "population_proper": "60177"
  }, 
  {
    "city": "Marano di Napoli", 
    "lat": "40.9000", 
    "lng": "14.1833", 
    "country": "Italy", 
    "iso2": "IT", 
    "admin_name": "Campania", 
    "capital": "", 
    "population": "59862", 
    "population_proper": "59862"
  }, 
  {
    "city": "Moncalieri", 
    "lat": "45.0005", 
    "lng": "7.6848", 
    "country": "Italy", 
    "iso2": "IT", 
    "admin_name": "Piedmont", 
    "capital": "", 
    "population": "57234", 
    "population_proper": "57234"
  }, 
  {
    "city": "Bagheria", 
    "lat": "38.0833", 
    "lng": "13.5000", 
    "country": "Italy", 
    "iso2": "IT", 
    "admin_name": "Sicilia", 
    "capital": "", 
    "population": "55047", 
    "population_proper": "55047"
  }, 
  {
    "city": "Portici", 
    "lat": "40.8197", 
    "lng": "14.3411", 
    "country": "Italy", 
    "iso2": "IT", 
    "admin_name": "Campania", 
    "capital": "", 
    "population": "54577", 
    "population_proper": "54577"
  }, 
  {
    "city": "Gallarate", 
    "lat": "45.6649", 
    "lng": "8.7914", 
    "country": "Italy", 
    "iso2": "IT", 
    "admin_name": "Lombardy", 
    "capital": "", 
    "population": "53425", 
    "population_proper": "53425"
  }, 
  {
    "city": "Cava de’ Tirreni", 
    "lat": "40.7000", 
    "lng": "14.7000", 
    "country": "Italy", 
    "iso2": "IT", 
    "admin_name": "Campania", 
    "capital": "", 
    "population": "53130", 
    "population_proper": "53130"
  }, 
  {
    "city": "Aversa", 
    "lat": "40.9667", 
    "lng": "14.2000", 
    "country": "Italy", 
    "iso2": "IT", 
    "admin_name": "Campania", 
    "capital": "", 
    "population": "52794", 
    "population_proper": "52794"
  }, 
  {
    "city": "Ercolano", 
    "lat": "40.8000", 
    "lng": "14.3500", 
    "country": "Italy", 
    "iso2": "IT", 
    "admin_name": "Campania", 
    "capital": "", 
    "population": "52763", 
    "population_proper": "52763"
  }, 
  {
    "city": "Anzio", 
    "lat": "41.4472", 
    "lng": "12.6283", 
    "country": "Italy", 
    "iso2": "IT", 
    "admin_name": "Lazio", 
    "capital": "", 
    "population": "52381", 
    "population_proper": "52381"
  }, 
  {
    "city": "Acireale", 
    "lat": "37.6167", 
    "lng": "15.1667", 
    "country": "Italy", 
    "iso2": "IT", 
    "admin_name": "Sicilia", 
    "capital": "", 
    "population": "52269", 
    "population_proper": "52269"
  }, 
  {
    "city": "Pordenone", 
    "lat": "45.9500", 
    "lng": "12.6500", 
    "country": "Italy", 
    "iso2": "IT", 
    "admin_name": "Friuli Venezia Giulia", 
    "capital": "minor", 
    "population": "51127", 
    "population_proper": "51127"
  }, 
  {
    "city": "Rho", 
    "lat": "45.5333", 
    "lng": "9.0333", 
    "country": "Italy", 
    "iso2": "IT", 
    "admin_name": "Lombardy", 
    "capital": "", 
    "population": "50904", 
    "population_proper": "50904"
  }, 
  {
    "city": "Scafati", 
    "lat": "40.7536", 
    "lng": "14.5253", 
    "country": "Italy", 
    "iso2": "IT", 
    "admin_name": "Campania", 
    "capital": "", 
    "population": "50686", 
    "population_proper": "50686"
  }, 
  {
    "city": "Misterbianco", 
    "lat": "37.5183", 
    "lng": "15.0069", 
    "country": "Italy", 
    "iso2": "IT", 
    "admin_name": "Sicilia", 
    "capital": "", 
    "population": "49992", 
    "population_proper": "49992"
  }, 
  {
    "city": "Collegno", 
    "lat": "45.0775", 
    "lng": "7.5724", 
    "country": "Italy", 
    "iso2": "IT", 
    "admin_name": "Piedmont", 
    "capital": "", 
    "population": "49597", 
    "population_proper": "49597"
  }, 
  {
    "city": "Campobasso", 
    "lat": "41.5667", 
    "lng": "14.6667", 
    "country": "Italy", 
    "iso2": "IT", 
    "admin_name": "Molise", 
    "capital": "admin", 
    "population": "49262", 
    "population_proper": "49262"
  }, 
  {
    "city": "Rivoli", 
    "lat": "45.0697", 
    "lng": "7.5177", 
    "country": "Italy", 
    "iso2": "IT", 
    "admin_name": "Piedmont", 
    "capital": "", 
    "population": "48629", 
    "population_proper": "48629"
  }, 
  {
    "city": "Nichelino", 
    "lat": "44.9955", 
    "lng": "7.6466", 
    "country": "Italy", 
    "iso2": "IT", 
    "admin_name": "Piedmont", 
    "capital": "", 
    "population": "47721", 
    "population_proper": "47721"
  }, 
  {
    "city": "Cologno Monzese", 
    "lat": "45.5286", 
    "lng": "9.2783", 
    "country": "Italy", 
    "iso2": "IT", 
    "admin_name": "Lombardy", 
    "capital": "", 
    "population": "47720", 
    "population_proper": "47720"
  }, 
  {
    "city": "San Benedetto del Tronto", 
    "lat": "42.9500", 
    "lng": "13.8833", 
    "country": "Italy", 
    "iso2": "IT", 
    "admin_name": "Marche", 
    "capital": "", 
    "population": "47351", 
    "population_proper": "47351"
  }, 
  {
    "city": "Settimo Torinese", 
    "lat": "45.1333", 
    "lng": "7.7667", 
    "country": "Italy", 
    "iso2": "IT", 
    "admin_name": "Piedmont", 
    "capital": "", 
    "population": "47220", 
    "population_proper": "47220"
  }, 
  {
    "city": "Paderno Dugnano", 
    "lat": "45.5719", 
    "lng": "9.1692", 
    "country": "Italy", 
    "iso2": "IT", 
    "admin_name": "Lombardy", 
    "capital": "", 
    "population": "46701", 
    "population_proper": "46701"
  }, 
  {
    "city": "Campi Bisenzio", 
    "lat": "43.8167", 
    "lng": "11.1333", 
    "country": "Italy", 
    "iso2": "IT", 
    "admin_name": "Tuscany", 
    "capital": "", 
    "population": "46696", 
    "population_proper": "46696"
  }, 
  {
    "city": "Lissone", 
    "lat": "45.6167", 
    "lng": "9.2500", 
    "country": "Italy", 
    "iso2": "IT", 
    "admin_name": "Lombardy", 
    "capital": "", 
    "population": "45535", 
    "population_proper": "45535"
  }, 
  {
    "city": "Seregno", 
    "lat": "45.6500", 
    "lng": "9.2000", 
    "country": "Italy", 
    "iso2": "IT", 
    "admin_name": "Lombardy", 
    "capital": "", 
    "population": "45131", 
    "population_proper": "45131"
  }, 
  {
    "city": "San Giorgio a Cremano", 
    "lat": "40.8333", 
    "lng": "14.3333", 
    "country": "Italy", 
    "iso2": "IT", 
    "admin_name": "Campania", 
    "capital": "", 
    "population": "45122", 
    "population_proper": "45122"
  }, 
  {
    "city": "Marino", 
    "lat": "41.7667", 
    "lng": "12.6667", 
    "country": "Italy", 
    "iso2": "IT", 
    "admin_name": "Lazio", 
    "capital": "", 
    "population": "44472", 
    "population_proper": "44472"
  }, 
  {
    "city": "Rozzano", 
    "lat": "45.3833", 
    "lng": "9.1500", 
    "country": "Italy", 
    "iso2": "IT", 
    "admin_name": "Lombardy", 
    "capital": "", 
    "population": "42442", 
    "population_proper": "42442"
  }, 
  {
    "city": "Torre Annunziata", 
    "lat": "40.7569", 
    "lng": "14.4444", 
    "country": "Italy", 
    "iso2": "IT", 
    "admin_name": "Campania", 
    "capital": "", 
    "population": "42406", 
    "population_proper": "42406"
  }, 
  {
    "city": "Desio", 
    "lat": "45.6167", 
    "lng": "9.2167", 
    "country": "Italy", 
    "iso2": "IT", 
    "admin_name": "Lombardy", 
    "capital": "", 
    "population": "42079", 
    "population_proper": "42079"
  }, 
  {
    "city": "Albano Laziale", 
    "lat": "41.7333", 
    "lng": "12.6667", 
    "country": "Italy", 
    "iso2": "IT", 
    "admin_name": "Lazio", 
    "capital": "", 
    "population": "41314", 
    "population_proper": "41314"
  }, 
  {
    "city": "Merano", 
    "lat": "46.6696", 
    "lng": "11.1594", 
    "country": "Italy", 
    "iso2": "IT", 
    "admin_name": "Trentino-Alto Adige", 
    "capital": "", 
    "population": "40485", 
    "population_proper": "40485"
  }, 
  {
    "city": "Cantù", 
    "lat": "45.7333", 
    "lng": "9.1333", 
    "country": "Italy", 
    "iso2": "IT", 
    "admin_name": "Lombardy", 
    "capital": "", 
    "population": "39932", 
    "population_proper": "39932"
  }, 
  {
    "city": "Pomigliano d’Arco", 
    "lat": "40.9167", 
    "lng": "14.4000", 
    "country": "Italy", 
    "iso2": "IT", 
    "admin_name": "Campania", 
    "capital": "", 
    "population": "39819", 
    "population_proper": "39819"
  }, 
  {
    "city": "Marcianise", 
    "lat": "41.0333", 
    "lng": "14.3000", 
    "country": "Italy", 
    "iso2": "IT", 
    "admin_name": "Campania", 
    "capital": "", 
    "population": "39792", 
    "population_proper": "39792"
  }, 
  {
    "city": "Saronno", 
    "lat": "45.6255", 
    "lng": "9.0370", 
    "country": "Italy", 
    "iso2": "IT", 
    "admin_name": "Lombardy", 
    "capital": "", 
    "population": "39419", 
    "population_proper": "39419"
  }, 
  {
    "city": "Ciampino", 
    "lat": "41.8000", 
    "lng": "12.6000", 
    "country": "Italy", 
    "iso2": "IT", 
    "admin_name": "Lazio", 
    "capital": "", 
    "population": "38645", 
    "population_proper": "38645"
  }, 
  {
    "city": "Cesano Maderno", 
    "lat": "45.6307", 
    "lng": "9.1456", 
    "country": "Italy", 
    "iso2": "IT", 
    "admin_name": "Lombardy", 
    "capital": "", 
    "population": "38637", 
    "population_proper": "38637"
  }, 
  {
    "city": "Modugno", 
    "lat": "41.0833", 
    "lng": "16.7833", 
    "country": "Italy", 
    "iso2": "IT", 
    "admin_name": "Puglia", 
    "capital": "", 
    "population": "38453", 
    "population_proper": "38453"
  }, 
  {
    "city": "San Giuliano Milanese", 
    "lat": "45.4000", 
    "lng": "9.2833", 
    "country": "Italy", 
    "iso2": "IT", 
    "admin_name": "Lombardy", 
    "capital": "", 
    "population": "38314", 
    "population_proper": "38314"
  }, 
  {
    "city": "Melito di Napoli", 
    "lat": "40.9167", 
    "lng": "14.2333", 
    "country": "Italy", 
    "iso2": "IT", 
    "admin_name": "Campania", 
    "capital": "", 
    "population": "37943", 
    "population_proper": "37943"
  }, 
  {
    "city": "Caivano", 
    "lat": "40.9500", 
    "lng": "14.3000", 
    "country": "Italy", 
    "iso2": "IT", 
    "admin_name": "Campania", 
    "capital": "", 
    "population": "37654", 
    "population_proper": "37654"
  }, 
  {
    "city": "Grugliasco", 
    "lat": "45.0680", 
    "lng": "7.5776", 
    "country": "Italy", 
    "iso2": "IT", 
    "admin_name": "Piedmont", 
    "capital": "", 
    "population": "37592", 
    "population_proper": "37592"
  }, 
  {
    "city": "Pioltello", 
    "lat": "45.5000", 
    "lng": "9.3333", 
    "country": "Italy", 
    "iso2": "IT", 
    "admin_name": "Lombardy", 
    "capital": "", 
    "population": "36920", 
    "population_proper": "36920"
  }, 
  {
    "city": "Bollate", 
    "lat": "45.5500", 
    "lng": "9.1167", 
    "country": "Italy", 
    "iso2": "IT", 
    "admin_name": "Lombardy", 
    "capital": "", 
    "population": "36486", 
    "population_proper": "36486"
  }, 
  {
    "city": "Casalecchio di Reno", 
    "lat": "44.4833", 
    "lng": "11.2833", 
    "country": "Italy", 
    "iso2": "IT", 
    "admin_name": "Emilia-Romagna", 
    "capital": "", 
    "population": "36456", 
    "population_proper": "36456"
  }, 
  {
    "city": "Limbiate", 
    "lat": "45.5972", 
    "lng": "9.1300", 
    "country": "Italy", 
    "iso2": "IT", 
    "admin_name": "Lombardy", 
    "capital": "", 
    "population": "35141", 
    "population_proper": "35141"
  }, 
  {
    "city": "Riccione Marina", 
    "lat": "44.0000", 
    "lng": "12.6500", 
    "country": "Italy", 
    "iso2": "IT", 
    "admin_name": "Emilia-Romagna", 
    "capital": "", 
    "population": "35003", 
    "population_proper": "35003"
  }, 
  {
    "city": "Mugnano di Napoli", 
    "lat": "40.9094", 
    "lng": "14.2098", 
    "country": "Italy", 
    "iso2": "IT", 
    "admin_name": "Campania", 
    "capital": "", 
    "population": "34996", 
    "population_proper": "34996"
  }, 
  {
    "city": "Brugherio", 
    "lat": "45.5508", 
    "lng": "9.3011", 
    "country": "Italy", 
    "iso2": "IT", 
    "admin_name": "Lombardy", 
    "capital": "", 
    "population": "34868", 
    "population_proper": "34868"
  }, 
  {
    "city": "Corsico", 
    "lat": "45.4333", 
    "lng": "9.1167", 
    "country": "Italy", 
    "iso2": "IT", 
    "admin_name": "Lombardy", 
    "capital": "", 
    "population": "34727", 
    "population_proper": "34727"
  }, 
  {
    "city": "Cernusco sul Naviglio", 
    "lat": "45.5167", 
    "lng": "9.3333", 
    "country": "Italy", 
    "iso2": "IT", 
    "admin_name": "Lombardy", 
    "capital": "", 
    "population": "34341", 
    "population_proper": "34341"
  }, 
  {
    "city": "Arzano", 
    "lat": "40.9167", 
    "lng": "14.2667", 
    "country": "Italy", 
    "iso2": "IT", 
    "admin_name": "Campania", 
    "capital": "", 
    "population": "34217", 
    "population_proper": "34217"
  }, 
  {
    "city": "Angri", 
    "lat": "40.7333", 
    "lng": "14.5667", 
    "country": "Italy", 
    "iso2": "IT", 
    "admin_name": "Campania", 
    "capital": "", 
    "population": "34126", 
    "population_proper": "34126"
  }, 
  {
    "city": "Aosta", 
    "lat": "45.7333", 
    "lng": "7.3167", 
    "country": "Italy", 
    "iso2": "IT", 
    "admin_name": "Valle d’Aosta", 
    "capital": "admin", 
    "population": "34082", 
    "population_proper": "34082"
  }, 
  {
    "city": "Sant’Antimo", 
    "lat": "40.9422", 
    "lng": "14.2348", 
    "country": "Italy", 
    "iso2": "IT", 
    "admin_name": "Campania", 
    "capital": "", 
    "population": "33892", 
    "population_proper": "33892"
  }, 
  {
    "city": "Venaria Reale", 
    "lat": "45.1167", 
    "lng": "7.6333", 
    "country": "Italy", 
    "iso2": "IT", 
    "admin_name": "Piedmont", 
    "capital": "", 
    "population": "33564", 
    "population_proper": "33564"
  }, 
  {
    "city": "Santa Maria Capua Vetere", 
    "lat": "41.0833", 
    "lng": "14.2500", 
    "country": "Italy", 
    "iso2": "IT", 
    "admin_name": "Campania", 
    "capital": "", 
    "population": "32893", 
    "population_proper": "32893"
  }, 
  {
    "city": "San Donato Milanese", 
    "lat": "45.4167", 
    "lng": "9.2667", 
    "country": "Italy", 
    "iso2": "IT", 
    "admin_name": "Lombardy", 
    "capital": "", 
    "population": "32664", 
    "population_proper": "32664"
  }, 
  {
    "city": "Mascalucia", 
    "lat": "37.5667", 
    "lng": "15.0500", 
    "country": "Italy", 
    "iso2": "IT", 
    "admin_name": "Sicilia", 
    "capital": "", 
    "population": "32167", 
    "population_proper": "32167"
  }, 
  {
    "city": "San Giuseppe Vesuviano", 
    "lat": "40.8333", 
    "lng": "14.5000", 
    "country": "Italy", 
    "iso2": "IT", 
    "admin_name": "Campania", 
    "capital": "", 
    "population": "31612", 
    "population_proper": "29836"
  }, 
  {
    "city": "Milazzo", 
    "lat": "38.2170", 
    "lng": "15.2370", 
    "country": "Italy", 
    "iso2": "IT", 
    "admin_name": "Sicilia", 
    "capital": "", 
    "population": "31231", 
    "population_proper": "31231"
  }, 
  {
    "city": "Villaricca", 
    "lat": "40.9167", 
    "lng": "14.2000", 
    "country": "Italy", 
    "iso2": "IT", 
    "admin_name": "Campania", 
    "capital": "", 
    "population": "31223", 
    "population_proper": "31223"
  }, 
  {
    "city": "Marigliano", 
    "lat": "40.9333", 
    "lng": "14.4500", 
    "country": "Italy", 
    "iso2": "IT", 
    "admin_name": "Campania", 
    "capital": "", 
    "population": "29879", 
    "population_proper": "29879"
  }, 
  {
    "city": "Frattamaggiore", 
    "lat": "40.9333", 
    "lng": "14.2833", 
    "country": "Italy", 
    "iso2": "IT", 
    "admin_name": "Campania", 
    "capital": "", 
    "population": "29738", 
    "population_proper": "29738"
  }, 
  {
    "city": "Aci Catena", 
    "lat": "37.6000", 
    "lng": "15.1333", 
    "country": "Italy", 
    "iso2": "IT", 
    "admin_name": "Sicilia", 
    "capital": "", 
    "population": "29418", 
    "population_proper": "29418"
  }, 
  {
    "city": "Monfalcone", 
    "lat": "45.8000", 
    "lng": "13.5333", 
    "country": "Italy", 
    "iso2": "IT", 
    "admin_name": "Friuli Venezia Giulia", 
    "capital": "", 
    "population": "28107", 
    "population_proper": "28107"
  }, 
  {
    "city": "Boscoreale", 
    "lat": "40.7667", 
    "lng": "14.4833", 
    "country": "Italy", 
    "iso2": "IT", 
    "admin_name": "Campania", 
    "capital": "", 
    "population": "27927", 
    "population_proper": "27927"
  }, 
  {
    "city": "Spinea", 
    "lat": "45.4931", 
    "lng": "12.1606", 
    "country": "Italy", 
    "iso2": "IT", 
    "admin_name": "Veneto", 
    "capital": "", 
    "population": "27909", 
    "population_proper": "27909"
  }, 
  {
    "city": "Parabiago", 
    "lat": "45.5583", 
    "lng": "8.9477", 
    "country": "Italy", 
    "iso2": "IT", 
    "admin_name": "Lombardy", 
    "capital": "", 
    "population": "27842", 
    "population_proper": "27842"
  }, 
  {
    "city": "Sant’Anastasia", 
    "lat": "40.8667", 
    "lng": "14.4000", 
    "country": "Italy", 
    "iso2": "IT", 
    "admin_name": "Campania", 
    "capital": "", 
    "population": "27690", 
    "population_proper": "27690"
  }, 
  {
    "city": "Chiavari", 
    "lat": "44.3167", 
    "lng": "9.3333", 
    "country": "Italy", 
    "iso2": "IT", 
    "admin_name": "Liguria", 
    "capital": "", 
    "population": "27410", 
    "population_proper": "27410"
  }, 
  {
    "city": "Triggiano", 
    "lat": "41.0667", 
    "lng": "16.9167", 
    "country": "Italy", 
    "iso2": "IT", 
    "admin_name": "Puglia", 
    "capital": "", 
    "population": "27180", 
    "population_proper": "27180"
  }, 
  {
    "city": "Garbagnate Milanese", 
    "lat": "45.5771", 
    "lng": "9.0814", 
    "country": "Italy", 
    "iso2": "IT", 
    "admin_name": "Lombardy", 
    "capital": "", 
    "population": "27155", 
    "population_proper": "27155"
  }, 
  {
    "city": "Bacoli", 
    "lat": "40.8000", 
    "lng": "14.0833", 
    "country": "Italy", 
    "iso2": "IT", 
    "admin_name": "Campania", 
    "capital": "", 
    "population": "26412", 
    "population_proper": "26412"
  }, 
  {
    "city": "Porto Sant’Elpidio", 
    "lat": "43.2667", 
    "lng": "13.7500", 
    "country": "Italy", 
    "iso2": "IT", 
    "admin_name": "Marche", 
    "capital": "", 
    "population": "26408", 
    "population_proper": "26408"
  }, 
  {
    "city": "Bresso", 
    "lat": "45.5333", 
    "lng": "9.1833", 
    "country": "Italy", 
    "iso2": "IT", 
    "admin_name": "Lombardy", 
    "capital": "", 
    "population": "26259", 
    "population_proper": "26259"
  }, 
  {
    "city": "Vimercate", 
    "lat": "45.6167", 
    "lng": "9.3667", 
    "country": "Italy", 
    "iso2": "IT", 
    "admin_name": "Lombardy", 
    "capital": "", 
    "population": "26170", 
    "population_proper": "26170"
  }, 
  {
    "city": "Albignasego", 
    "lat": "45.3500", 
    "lng": "11.8667", 
    "country": "Italy", 
    "iso2": "IT", 
    "admin_name": "Veneto", 
    "capital": "", 
    "population": "26071", 
    "population_proper": "26071"
  }, 
  {
    "city": "Lainate", 
    "lat": "45.5667", 
    "lng": "9.0333", 
    "country": "Italy", 
    "iso2": "IT", 
    "admin_name": "Lombardy", 
    "capital": "", 
    "population": "25763", 
    "population_proper": "25763"
  }, 
  {
    "city": "Qualiano", 
    "lat": "40.9167", 
    "lng": "14.1500", 
    "country": "Italy", 
    "iso2": "IT", 
    "admin_name": "Campania", 
    "capital": "", 
    "population": "25755", 
    "population_proper": "25755"
  }, 
  {
    "city": "Seriate", 
    "lat": "45.6847", 
    "lng": "9.7178", 
    "country": "Italy", 
    "iso2": "IT", 
    "admin_name": "Lombardy", 
    "capital": "", 
    "population": "25358", 
    "population_proper": "25358"
  }, 
  {
    "city": "San Giovanni Lupatoto", 
    "lat": "45.3833", 
    "lng": "11.0333", 
    "country": "Italy", 
    "iso2": "IT", 
    "admin_name": "Veneto", 
    "capital": "", 
    "population": "25337", 
    "population_proper": "25337"
  }, 
  {
    "city": "Pompei", 
    "lat": "40.7500", 
    "lng": "14.5000", 
    "country": "Italy", 
    "iso2": "IT", 
    "admin_name": "Campania", 
    "capital": "", 
    "population": "25207", 
    "population_proper": "25207"
  }, 
  {
    "city": "Mariano Comense", 
    "lat": "45.7000", 
    "lng": "9.1833", 
    "country": "Italy", 
    "iso2": "IT", 
    "admin_name": "Lombardy", 
    "capital": "", 
    "population": "24956", 
    "population_proper": "24956"
  }, 
  {
    "city": "Thiene", 
    "lat": "45.7072", 
    "lng": "11.4786", 
    "country": "Italy", 
    "iso2": "IT", 
    "admin_name": "Veneto", 
    "capital": "", 
    "population": "24309", 
    "population_proper": "24309"
  }, 
  {
    "city": "Genzano di Roma", 
    "lat": "41.7022", 
    "lng": "12.6925", 
    "country": "Italy", 
    "iso2": "IT", 
    "admin_name": "Lazio", 
    "capital": "", 
    "population": "23892", 
    "population_proper": "23892"
  }, 
  {
    "city": "Ottaviano", 
    "lat": "40.8500", 
    "lng": "14.4775", 
    "country": "Italy", 
    "iso2": "IT", 
    "admin_name": "Campania", 
    "capital": "", 
    "population": "23710", 
    "population_proper": "23710"
  }, 
  {
    "city": "Muggiò", 
    "lat": "45.6000", 
    "lng": "9.2333", 
    "country": "Italy", 
    "iso2": "IT", 
    "admin_name": "Lombardy", 
    "capital": "", 
    "population": "23581", 
    "population_proper": "23581"
  }, 
  {
    "city": "Dalmine", 
    "lat": "45.6500", 
    "lng": "9.6000", 
    "country": "Italy", 
    "iso2": "IT", 
    "admin_name": "Lombardy", 
    "capital": "", 
    "population": "23495", 
    "population_proper": "23495"
  }, 
  {
    "city": "Meda", 
    "lat": "45.6667", 
    "lng": "9.1667", 
    "country": "Italy", 
    "iso2": "IT", 
    "admin_name": "Lombardy", 
    "capital": "", 
    "population": "23463", 
    "population_proper": "23463"
  }, 
  {
    "city": "Seveso", 
    "lat": "45.6434", 
    "lng": "9.1374", 
    "country": "Italy", 
    "iso2": "IT", 
    "admin_name": "Lombardy", 
    "capital": "", 
    "population": "23456", 
    "population_proper": "23456"
  }, 
  {
    "city": "San Giovanni la Punta", 
    "lat": "37.5833", 
    "lng": "15.1000", 
    "country": "Italy", 
    "iso2": "IT", 
    "admin_name": "Sicilia", 
    "capital": "", 
    "population": "23399", 
    "population_proper": "23399"
  }, 
  {
    "city": "Cardito", 
    "lat": "40.9500", 
    "lng": "14.3000", 
    "country": "Italy", 
    "iso2": "IT", 
    "admin_name": "Campania", 
    "capital": "", 
    "population": "22601", 
    "population_proper": "22601"
  }, 
  {
    "city": "Poggiomarino", 
    "lat": "40.8000", 
    "lng": "14.5500", 
    "country": "Italy", 
    "iso2": "IT", 
    "admin_name": "Campania", 
    "capital": "", 
    "population": "21993", 
    "population_proper": "21993"
  }, 
  {
    "city": "Senago", 
    "lat": "45.5833", 
    "lng": "9.1333", 
    "country": "Italy", 
    "iso2": "IT", 
    "admin_name": "Lombardy", 
    "capital": "", 
    "population": "21500", 
    "population_proper": "21500"
  }, 
  {
    "city": "Trezzano sul Naviglio", 
    "lat": "45.4333", 
    "lng": "9.0667", 
    "country": "Italy", 
    "iso2": "IT", 
    "admin_name": "Lombardy", 
    "capital": "", 
    "population": "20956", 
    "population_proper": "20956"
  }, 
  {
    "city": "Cornaredo", 
    "lat": "45.5000", 
    "lng": "9.0333", 
    "country": "Italy", 
    "iso2": "IT", 
    "admin_name": "Lombardy", 
    "capital": "", 
    "population": "20534", 
    "population_proper": "20534"
  }, 
  {
    "city": "Gorgonzola", 
    "lat": "45.5333", 
    "lng": "9.4000", 
    "country": "Italy", 
    "iso2": "IT", 
    "admin_name": "Lombardy", 
    "capital": "", 
    "population": "20529", 
    "population_proper": "20529"
  }, 
  {
    "city": "Ischia", 
    "lat": "40.7500", 
    "lng": "13.9500", 
    "country": "Italy", 
    "iso2": "IT", 
    "admin_name": "Campania", 
    "capital": "", 
    "population": "20118", 
    "population_proper": "20118"
  }, 
  {
    "city": "Cormano", 
    "lat": "45.5500", 
    "lng": "9.1667", 
    "country": "Italy", 
    "iso2": "IT", 
    "admin_name": "Lombardy", 
    "capital": "", 
    "population": "20019", 
    "population_proper": "20019"
  }, 
  {
    "city": "Novate Milanese", 
    "lat": "45.5333", 
    "lng": "9.1333", 
    "country": "Italy", 
    "iso2": "IT", 
    "admin_name": "Lombardy", 
    "capital": "", 
    "population": "20003", 
    "population_proper": "20003"
  }, 
  {
    "city": "Trentola", 
    "lat": "40.9762", 
    "lng": "14.1773", 
    "country": "Italy", 
    "iso2": "IT", 
    "admin_name": "Campania", 
    "capital": "", 
    "population": "19844", 
    "population_proper": "19844"
  }, 
  {
    "city": "Monserrato", 
    "lat": "39.2500", 
    "lng": "9.1500", 
    "country": "Italy", 
    "iso2": "IT", 
    "admin_name": "Sardegna", 
    "capital": "", 
    "population": "19771", 
    "population_proper": "19771"
  }, 
  {
    "city": "Sant’Antonio Abate", 
    "lat": "40.7333", 
    "lng": "14.5500", 
    "country": "Italy", 
    "iso2": "IT", 
    "admin_name": "Campania", 
    "capital": "", 
    "population": "19704", 
    "population_proper": "19704"
  }, 
  {
    "city": "Arese", 
    "lat": "45.5500", 
    "lng": "9.0667", 
    "country": "Italy", 
    "iso2": "IT", 
    "admin_name": "Lombardy", 
    "capital": "", 
    "population": "19347", 
    "population_proper": "19347"
  }, 
  {
    "city": "San Mauro Torinese", 
    "lat": "45.1039", 
    "lng": "7.7536", 
    "country": "Italy", 
    "iso2": "IT", 
    "admin_name": "Piedmont", 
    "capital": "", 
    "population": "19048", 
    "population_proper": "19048"
  }, 
  {
    "city": "Cusano Milanino", 
    "lat": "45.5500", 
    "lng": "9.1833", 
    "country": "Italy", 
    "iso2": "IT", 
    "admin_name": "Lombardy", 
    "capital": "", 
    "population": "18797", 
    "population_proper": "18797"
  }, 
  {
    "city": "Melzo", 
    "lat": "45.5000", 
    "lng": "9.4167", 
    "country": "Italy", 
    "iso2": "IT", 
    "admin_name": "Lombardy", 
    "capital": "", 
    "population": "18493", 
    "population_proper": "18493"
  }, 
  {
    "city": "Melegnano", 
    "lat": "45.3588", 
    "lng": "9.3238", 
    "country": "Italy", 
    "iso2": "IT", 
    "admin_name": "Lombardy", 
    "capital": "", 
    "population": "18127", 
    "population_proper": "18127"
  }, 
  {
    "city": "Aci Sant’Antonio", 
    "lat": "37.6000", 
    "lng": "15.1167", 
    "country": "Italy", 
    "iso2": "IT", 
    "admin_name": "Sicilia", 
    "capital": "", 
    "population": "18076", 
    "population_proper": "18076"
  }, 
  {
    "city": "Cercola", 
    "lat": "40.8667", 
    "lng": "14.3500", 
    "country": "Italy", 
    "iso2": "IT", 
    "admin_name": "Campania", 
    "capital": "", 
    "population": "18007", 
    "population_proper": "18007"
  }, 
  {
    "city": "Carate Brianza", 
    "lat": "45.7667", 
    "lng": "9.1833", 
    "country": "Italy", 
    "iso2": "IT", 
    "admin_name": "Lombardy", 
    "capital": "", 
    "population": "17952", 
    "population_proper": "17952"
  }, 
  {
    "city": "Grumo Nevano", 
    "lat": "40.9333", 
    "lng": "14.2667", 
    "country": "Italy", 
    "iso2": "IT", 
    "admin_name": "Campania", 
    "capital": "", 
    "population": "17939", 
    "population_proper": "17939"
  }, 
  {
    "city": "Arcore", 
    "lat": "45.6333", 
    "lng": "9.3167", 
    "country": "Italy", 
    "iso2": "IT", 
    "admin_name": "Lombardy", 
    "capital": "", 
    "population": "17916", 
    "population_proper": "17916"
  }, 
  {
    "city": "Beinasco", 
    "lat": "45.0167", 
    "lng": "7.5833", 
    "country": "Italy", 
    "iso2": "IT", 
    "admin_name": "Piedmont", 
    "capital": "", 
    "population": "17856", 
    "population_proper": "17856"
  }, 
  {
    "city": "Forio", 
    "lat": "40.7333", 
    "lng": "13.8500", 
    "country": "Italy", 
    "iso2": "IT", 
    "admin_name": "Campania", 
    "capital": "", 
    "population": "17840", 
    "population_proper": "17840"
  }, 
  {
    "city": "Agliana", 
    "lat": "43.9000", 
    "lng": "11.0000", 
    "country": "Italy", 
    "iso2": "IT", 
    "admin_name": "Tuscany", 
    "capital": "", 
    "population": "17789", 
    "population_proper": "17789"
  }, 
  {
    "city": "Cattolica", 
    "lat": "43.9667", 
    "lng": "12.7333", 
    "country": "Italy", 
    "iso2": "IT", 
    "admin_name": "Emilia-Romagna", 
    "capital": "", 
    "population": "17177", 
    "population_proper": "17177"
  }, 
  {
    "city": "Nerviano", 
    "lat": "45.5500", 
    "lng": "8.9833", 
    "country": "Italy", 
    "iso2": "IT", 
    "admin_name": "Lombardy", 
    "capital": "", 
    "population": "17176", 
    "population_proper": "17176"
  }, 
  {
    "city": "Alpignano", 
    "lat": "45.1000", 
    "lng": "7.5167", 
    "country": "Italy", 
    "iso2": "IT", 
    "admin_name": "Piedmont", 
    "capital": "", 
    "population": "16811", 
    "population_proper": "16811"
  }, 
  {
    "city": "Malnate", 
    "lat": "45.8000", 
    "lng": "8.8833", 
    "country": "Italy", 
    "iso2": "IT", 
    "admin_name": "Lombardy", 
    "capital": "", 
    "population": "16784", 
    "population_proper": "16784"
  }, 
  {
    "city": "Sorrento", 
    "lat": "40.6278", 
    "lng": "14.3736", 
    "country": "Italy", 
    "iso2": "IT", 
    "admin_name": "Campania", 
    "capital": "", 
    "population": "16405", 
    "population_proper": "16405"
  }, 
  {
    "city": "Brusciano", 
    "lat": "40.9167", 
    "lng": "14.4167", 
    "country": "Italy", 
    "iso2": "IT", 
    "admin_name": "Campania", 
    "capital": "", 
    "population": "16371", 
    "population_proper": "16371"
  }, 
  {
    "city": "Cadoneghe", 
    "lat": "45.4500", 
    "lng": "11.9333", 
    "country": "Italy", 
    "iso2": "IT", 
    "admin_name": "Veneto", 
    "capital": "", 
    "population": "16176", 
    "population_proper": "16176"
  }, 
  {
    "city": "Frattaminore", 
    "lat": "40.9500", 
    "lng": "14.2667", 
    "country": "Italy", 
    "iso2": "IT", 
    "admin_name": "Campania", 
    "capital": "", 
    "population": "16131", 
    "population_proper": "16131"
  }, 
  {
    "city": "Porto San Giorgio", 
    "lat": "43.1833", 
    "lng": "13.8000", 
    "country": "Italy", 
    "iso2": "IT", 
    "admin_name": "Marche", 
    "capital": "", 
    "population": "16068", 
    "population_proper": "16068"
  }, 
  {
    "city": "Concorezzo", 
    "lat": "45.5897", 
    "lng": "9.3359", 
    "country": "Italy", 
    "iso2": "IT", 
    "admin_name": "Lombardy", 
    "capital": "", 
    "population": "15644", 
    "population_proper": "15644"
  }, 
  {
    "city": "Agrate Brianza", 
    "lat": "45.5833", 
    "lng": "9.3500", 
    "country": "Italy", 
    "iso2": "IT", 
    "admin_name": "Lombardy", 
    "capital": "", 
    "population": "15540", 
    "population_proper": "15540"
  }, 
  {
    "city": "Merate", 
    "lat": "45.7000", 
    "lng": "9.4333", 
    "country": "Italy", 
    "iso2": "IT", 
    "admin_name": "Lombardy", 
    "capital": "", 
    "population": "14891", 
    "population_proper": "14891"
  }, 
  {
    "city": "Ospitaletto", 
    "lat": "45.5553", 
    "lng": "10.0733", 
    "country": "Italy", 
    "iso2": "IT", 
    "admin_name": "Lombardy", 
    "capital": "", 
    "population": "14711", 
    "population_proper": "14711"
  }, 
  {
    "city": "Sant’Arpino", 
    "lat": "40.9575", 
    "lng": "14.2492", 
    "country": "Italy", 
    "iso2": "IT", 
    "admin_name": "Campania", 
    "capital": "", 
    "population": "14606", 
    "population_proper": "14606"
  }, 
  {
    "city": "Castellanza", 
    "lat": "45.6167", 
    "lng": "8.9000", 
    "country": "Italy", 
    "iso2": "IT", 
    "admin_name": "Lombardy", 
    "capital": "", 
    "population": "14340", 
    "population_proper": "14340"
  }, 
  {
    "city": "Rescaldina", 
    "lat": "45.6167", 
    "lng": "8.9500", 
    "country": "Italy", 
    "iso2": "IT", 
    "admin_name": "Lombardy", 
    "capital": "", 
    "population": "14185", 
    "population_proper": "14185"
  }, 
  {
    "city": "Solaro", 
    "lat": "45.6150", 
    "lng": "9.0839", 
    "country": "Italy", 
    "iso2": "IT", 
    "admin_name": "Lombardy", 
    "capital": "", 
    "population": "14163", 
    "population_proper": "14163"
  }, 
  {
    "city": "Casandrino", 
    "lat": "40.9333", 
    "lng": "14.2500", 
    "country": "Italy", 
    "iso2": "IT", 
    "admin_name": "Campania", 
    "capital": "", 
    "population": "14125", 
    "population_proper": "14125"
  }, 
  {
    "city": "Santa Maria a Vico", 
    "lat": "41.0333", 
    "lng": "14.4833", 
    "country": "Italy", 
    "iso2": "IT", 
    "admin_name": "Campania", 
    "capital": "", 
    "population": "14004", 
    "population_proper": "14004"
  }, 
  {
    "city": "Calolziocorte", 
    "lat": "45.8000", 
    "lng": "9.4333", 
    "country": "Italy", 
    "iso2": "IT", 
    "admin_name": "Lombardy", 
    "capital": "", 
    "population": "13877", 
    "population_proper": "13877"
  }, 
  {
    "city": "Opera", 
    "lat": "45.3833", 
    "lng": "9.2167", 
    "country": "Italy", 
    "iso2": "IT", 
    "admin_name": "Lombardy", 
    "capital": "", 
    "population": "13858", 
    "population_proper": "13858"
  }, 
  {
    "city": "Cassina de’ Pecchi", 
    "lat": "45.5167", 
    "lng": "9.3667", 
    "country": "Italy", 
    "iso2": "IT", 
    "admin_name": "Lombardy", 
    "capital": "", 
    "population": "13849", 
    "population_proper": "13849"
  }, 
  {
    "city": "Varedo", 
    "lat": "45.6000", 
    "lng": "9.1667", 
    "country": "Italy", 
    "iso2": "IT", 
    "admin_name": "Lombardy", 
    "capital": "", 
    "population": "13446", 
    "population_proper": "13446"
  }, 
  {
    "city": "Piano di Sorrento", 
    "lat": "40.6333", 
    "lng": "14.4111", 
    "country": "Italy", 
    "iso2": "IT", 
    "admin_name": "Campania", 
    "capital": "", 
    "population": "13008", 
    "population_proper": "13008"
  }, 
  {
    "city": "Cicciano", 
    "lat": "40.9667", 
    "lng": "14.5333", 
    "country": "Italy", 
    "iso2": "IT", 
    "admin_name": "Campania", 
    "capital": "", 
    "population": "12897", 
    "population_proper": "12897"
  }, 
  {
    "city": "Monte di Procida", 
    "lat": "40.8000", 
    "lng": "14.0500", 
    "country": "Italy", 
    "iso2": "IT", 
    "admin_name": "Campania", 
    "capital": "", 
    "population": "12743", 
    "population_proper": "12743"
  }, 
  {
    "city": "Canegrate", 
    "lat": "45.5667", 
    "lng": "8.9333", 
    "country": "Italy", 
    "iso2": "IT", 
    "admin_name": "Lombardy", 
    "capital": "", 
    "population": "12574", 
    "population_proper": "12574"
  }, 
  {
    "city": "Fagnano Olona", 
    "lat": "45.6667", 
    "lng": "8.8667", 
    "country": "Italy", 
    "iso2": "IT", 
    "admin_name": "Lombardy", 
    "capital": "", 
    "population": "12510", 
    "population_proper": "12510"
  }, 
  {
    "city": "Olgiate Olona", 
    "lat": "45.6333", 
    "lng": "8.8833", 
    "country": "Italy", 
    "iso2": "IT", 
    "admin_name": "Lombardy", 
    "capital": "", 
    "population": "12444", 
    "population_proper": "12444"
  }, 
  {
    "city": "San Prisco", 
    "lat": "41.0833", 
    "lng": "14.2833", 
    "country": "Italy", 
    "iso2": "IT", 
    "admin_name": "Campania", 
    "capital": "", 
    "population": "12333", 
    "population_proper": "12333"
  }, 
  {
    "city": "Gricignano d’Aversa", 
    "lat": "41.0000", 
    "lng": "14.1833", 
    "country": "Italy", 
    "iso2": "IT", 
    "admin_name": "Campania", 
    "capital": "", 
    "population": "12296", 
    "population_proper": "12296"
  }, 
  {
    "city": "Calvizzano", 
    "lat": "40.9000", 
    "lng": "14.1833", 
    "country": "Italy", 
    "iso2": "IT", 
    "admin_name": "Campania", 
    "capital": "", 
    "population": "12182", 
    "population_proper": "12182"
  }, 
  {
    "city": "Biassono", 
    "lat": "45.6333", 
    "lng": "9.2667", 
    "country": "Italy", 
    "iso2": "IT", 
    "admin_name": "Lombardy", 
    "capital": "", 
    "population": "12164", 
    "population_proper": "12164"
  }, 
  {
    "city": "Baranzate", 
    "lat": "45.5167", 
    "lng": "9.1000", 
    "country": "Italy", 
    "iso2": "IT", 
    "admin_name": "Lombardy", 
    "capital": "", 
    "population": "12003", 
    "population_proper": "12003"
  }, 
  {
    "city": "San Gennaro Vesuviano", 
    "lat": "40.8667", 
    "lng": "14.5333", 
    "country": "Italy", 
    "iso2": "IT", 
    "admin_name": "Campania", 
    "capital": "", 
    "population": "11910", 
    "population_proper": "11910"
  }, 
  {
    "city": "San Gregorio di Catania", 
    "lat": "37.5667", 
    "lng": "15.1167", 
    "country": "Italy", 
    "iso2": "IT", 
    "admin_name": "Sicilia", 
    "capital": "", 
    "population": "11880", 
    "population_proper": "11880"
  }, 
  {
    "city": "Capaci", 
    "lat": "38.1667", 
    "lng": "13.2333", 
    "country": "Italy", 
    "iso2": "IT", 
    "admin_name": "Sicilia", 
    "capital": "", 
    "population": "11549", 
    "population_proper": "11549"
  }, 
  {
    "city": "Paullo", 
    "lat": "45.4167", 
    "lng": "9.4000", 
    "country": "Italy", 
    "iso2": "IT", 
    "admin_name": "Lombardy", 
    "capital": "", 
    "population": "11429", 
    "population_proper": "11429"
  }, 
  {
    "city": "Atripalda", 
    "lat": "40.9167", 
    "lng": "14.8256", 
    "country": "Italy", 
    "iso2": "IT", 
    "admin_name": "Campania", 
    "capital": "", 
    "population": "10968", 
    "population_proper": "10968"
  }, 
  {
    "city": "Gambettola", 
    "lat": "44.1167", 
    "lng": "12.3333", 
    "country": "Italy", 
    "iso2": "IT", 
    "admin_name": "Emilia-Romagna", 
    "capital": "", 
    "population": "10704", 
    "population_proper": "10704"
  }, 
  {
    "city": "Macerata Campania", 
    "lat": "41.0667", 
    "lng": "14.2667", 
    "country": "Italy", 
    "iso2": "IT", 
    "admin_name": "Campania", 
    "capital": "", 
    "population": "10507", 
    "population_proper": "10507"
  }, 
  {
    "city": "San Marzano sul Sarno", 
    "lat": "40.7697", 
    "lng": "14.5947", 
    "country": "Italy", 
    "iso2": "IT", 
    "admin_name": "Campania", 
    "capital": "", 
    "population": "10499", 
    "population_proper": "10499"
  }, 
  {
    "city": "Procida", 
    "lat": "40.7667", 
    "lng": "14.0333", 
    "country": "Italy", 
    "iso2": "IT", 
    "admin_name": "Campania", 
    "capital": "", 
    "population": "10465", 
    "population_proper": "10465"
  }, 
  {
    "city": "Boscotrecase", 
    "lat": "40.7833", 
    "lng": "14.4667", 
    "country": "Italy", 
    "iso2": "IT", 
    "admin_name": "Campania", 
    "capital": "", 
    "population": "10247", 
    "population_proper": "10247"
  }, 
  {
    "city": "Capodrise", 
    "lat": "41.0500", 
    "lng": "14.3000", 
    "country": "Italy", 
    "iso2": "IT", 
    "admin_name": "Campania", 
    "capital": "", 
    "population": "10133", 
    "population_proper": "10133"
  }, 
  {
    "city": "Poggio a Caiano", 
    "lat": "43.8167", 
    "lng": "11.0667", 
    "country": "Italy", 
    "iso2": "IT", 
    "admin_name": "Tuscany", 
    "capital": "", 
    "population": "10048", 
    "population_proper": "10048"
  }, 
  {
    "city": "Bonate di Sopra", 
    "lat": "45.6833", 
    "lng": "9.5667", 
    "country": "Italy", 
    "iso2": "IT", 
    "admin_name": "Lombardy", 
    "capital": "", 
    "population": "10020", 
    "population_proper": "10020"
  }, 
  {
    "city": "Fino Mornasco", 
    "lat": "45.7500", 
    "lng": "9.0333", 
    "country": "Italy", 
    "iso2": "IT", 
    "admin_name": "Lombardy", 
    "capital": "", 
    "population": "9865", 
    "population_proper": "9865"
  }, 
  {
    "city": "Lurate Caccivio", 
    "lat": "45.7667", 
    "lng": "9.0000", 
    "country": "Italy", 
    "iso2": "IT", 
    "admin_name": "Lombardy", 
    "capital": "", 
    "population": "9847", 
    "population_proper": "9847"
  }, 
  {
    "city": "Vanzago", 
    "lat": "45.5268", 
    "lng": "8.9947", 
    "country": "Italy", 
    "iso2": "IT", 
    "admin_name": "Lombardy", 
    "capital": "", 
    "population": "9224", 
    "population_proper": "9224"
  }, 
  {
    "city": "Vittuone", 
    "lat": "45.4833", 
    "lng": "8.9500", 
    "country": "Italy", 
    "iso2": "IT", 
    "admin_name": "Lombardy", 
    "capital": "", 
    "population": "9152", 
    "population_proper": "9152"
  }, 
  {
    "city": "Sant’Agnello", 
    "lat": "40.6294", 
    "lng": "14.3996", 
    "country": "Italy", 
    "iso2": "IT", 
    "admin_name": "Campania", 
    "capital": "", 
    "population": "9125", 
    "population_proper": "9125"
  }, 
  {
    "city": "Vaprio d’Adda", 
    "lat": "45.5667", 
    "lng": "9.5333", 
    "country": "Italy", 
    "iso2": "IT", 
    "admin_name": "Lombardy", 
    "capital": "", 
    "population": "9114", 
    "population_proper": "9114"
  }, 
  {
    "city": "Cesa", 
    "lat": "40.9667", 
    "lng": "14.2333", 
    "country": "Italy", 
    "iso2": "IT", 
    "admin_name": "Campania", 
    "capital": "", 
    "population": "9039", 
    "population_proper": "9039"
  }, 
  {
    "city": "Roccapiemonte", 
    "lat": "40.7617", 
    "lng": "14.6933", 
    "country": "Italy", 
    "iso2": "IT", 
    "admin_name": "Campania", 
    "capital": "", 
    "population": "8977", 
    "population_proper": "8977"
  }, 
  {
    "city": "Torre Boldone", 
    "lat": "45.7167", 
    "lng": "9.7000", 
    "country": "Italy", 
    "iso2": "IT", 
    "admin_name": "Lombardy", 
    "capital": "", 
    "population": "8755", 
    "population_proper": "8755"
  }, 
  {
    "city": "Bruino", 
    "lat": "45.0167", 
    "lng": "7.4667", 
    "country": "Italy", 
    "iso2": "IT", 
    "admin_name": "Piedmont", 
    "capital": "", 
    "population": "8598", 
    "population_proper": "8598"
  }, 
  {
    "city": "Casapulla", 
    "lat": "41.0667", 
    "lng": "14.2833", 
    "country": "Italy", 
    "iso2": "IT", 
    "admin_name": "Campania", 
    "capital": "", 
    "population": "8597", 
    "population_proper": "8597"
  }, 
  {
    "city": "Brembate", 
    "lat": "45.6000", 
    "lng": "9.5500", 
    "country": "Italy", 
    "iso2": "IT", 
    "admin_name": "Lombardy", 
    "capital": "", 
    "population": "8551", 
    "population_proper": "8551"
  }, 
  {
    "city": "Pogliano Milanese", 
    "lat": "45.5333", 
    "lng": "9.0000", 
    "country": "Italy", 
    "iso2": "IT", 
    "admin_name": "Lombardy", 
    "capital": "", 
    "population": "8406", 
    "population_proper": "8406"
  }, 
  {
    "city": "Fiesso d’Artico", 
    "lat": "45.4167", 
    "lng": "12.0333", 
    "country": "Italy", 
    "iso2": "IT", 
    "admin_name": "Veneto", 
    "capital": "", 
    "population": "8341", 
    "population_proper": "8341"
  }, 
  {
    "city": "Capriate San Gervasio", 
    "lat": "45.6089", 
    "lng": "9.5281", 
    "country": "Italy", 
    "iso2": "IT", 
    "admin_name": "Lombardy", 
    "capital": "", 
    "population": "8173", 
    "population_proper": "8173"
  }, 
  {
    "city": "Mariglianella", 
    "lat": "40.9167", 
    "lng": "14.4333", 
    "country": "Italy", 
    "iso2": "IT", 
    "admin_name": "Campania", 
    "capital": "", 
    "population": "7924", 
    "population_proper": "7924"
  }, 
  {
    "city": "Portico di Caserta", 
    "lat": "41.0500", 
    "lng": "14.2833", 
    "country": "Italy", 
    "iso2": "IT", 
    "admin_name": "Campania", 
    "capital": "", 
    "population": "7903", 
    "population_proper": "7903"
  }, 
  {
    "city": "Marnate", 
    "lat": "45.6289", 
    "lng": "8.8981", 
    "country": "Italy", 
    "iso2": "IT", 
    "admin_name": "Lombardy", 
    "capital": "", 
    "population": "7903", 
    "population_proper": "7903"
  }, 
  {
    "city": "Rovellasca", 
    "lat": "45.6667", 
    "lng": "9.0500", 
    "country": "Italy", 
    "iso2": "IT", 
    "admin_name": "Lombardy", 
    "capital": "", 
    "population": "7797", 
    "population_proper": "7797"
  }, 
  {
    "city": "Recale", 
    "lat": "41.0500", 
    "lng": "14.3000", 
    "country": "Italy", 
    "iso2": "IT", 
    "admin_name": "Campania", 
    "capital": "", 
    "population": "7710", 
    "population_proper": "7710"
  }, 
  {
    "city": "Curno", 
    "lat": "45.6911", 
    "lng": "9.6125", 
    "country": "Italy", 
    "iso2": "IT", 
    "admin_name": "Lombardy", 
    "capital": "", 
    "population": "7574", 
    "population_proper": "7574"
  }, 
  {
    "city": "Cavenago di Brianza", 
    "lat": "45.5847", 
    "lng": "9.4158", 
    "country": "Italy", 
    "iso2": "IT", 
    "admin_name": "Lombardy", 
    "capital": "", 
    "population": "7350", 
    "population_proper": "7350"
  }, 
  {
    "city": "Carnate", 
    "lat": "45.6506", 
    "lng": "9.3785", 
    "country": "Italy", 
    "iso2": "IT", 
    "admin_name": "Lombardy", 
    "capital": "", 
    "population": "7327", 
    "population_proper": "7327"
  }, 
  {
    "city": "Binasco", 
    "lat": "45.3333", 
    "lng": "9.1000", 
    "country": "Italy", 
    "iso2": "IT", 
    "admin_name": "Lombardy", 
    "capital": "", 
    "population": "7257", 
    "population_proper": "7257"
  }, 
  {
    "city": "Isola delle Femmine", 
    "lat": "38.1972", 
    "lng": "13.2472", 
    "country": "Italy", 
    "iso2": "IT", 
    "admin_name": "Sicilia", 
    "capital": "", 
    "population": "7249", 
    "population_proper": "7249"
  }, 
  {
    "city": "Cimitile", 
    "lat": "40.9406", 
    "lng": "14.5245", 
    "country": "Italy", 
    "iso2": "IT", 
    "admin_name": "Campania", 
    "capital": "", 
    "population": "7167", 
    "population_proper": "7167"
  }, 
  {
    "city": "Barlassina", 
    "lat": "45.6500", 
    "lng": "9.1333", 
    "country": "Italy", 
    "iso2": "IT", 
    "admin_name": "Lombardy", 
    "capital": "", 
    "population": "7015", 
    "population_proper": "7015"
  }, 
  {
    "city": "Villa di Serio", 
    "lat": "45.7217", 
    "lng": "9.7350", 
    "country": "Italy", 
    "iso2": "IT", 
    "admin_name": "Lombardy", 
    "capital": "", 
    "population": "6777", 
    "population_proper": "6777"
  }, 
  {
    "city": "Gorle", 
    "lat": "45.7039", 
    "lng": "9.7192", 
    "country": "Italy", 
    "iso2": "IT", 
    "admin_name": "Lombardy", 
    "capital": "", 
    "population": "6557", 
    "population_proper": "6557"
  }, 
  {
    "city": "Albiate", 
    "lat": "45.6667", 
    "lng": "9.2500", 
    "country": "Italy", 
    "iso2": "IT", 
    "admin_name": "Lombardy", 
    "capital": "", 
    "population": "6352", 
    "population_proper": "6352"
  }, 
  {
    "city": "Tropea", 
    "lat": "38.6781", 
    "lng": "15.8969", 
    "country": "Italy", 
    "iso2": "IT", 
    "admin_name": "Calabria", 
    "capital": "", 
    "population": "6307", 
    "population_proper": "6307"
  }, 
  {
    "city": "Villa Cortese", 
    "lat": "45.5667", 
    "lng": "8.8833", 
    "country": "Italy", 
    "iso2": "IT", 
    "admin_name": "Lombardy", 
    "capital": "", 
    "population": "6171", 
    "population_proper": "6171"
  }, 
  {
    "city": "Cavaria", 
    "lat": "45.7000", 
    "lng": "8.8000", 
    "country": "Italy", 
    "iso2": "IT", 
    "admin_name": "Lombardy", 
    "capital": "", 
    "population": "5834", 
    "population_proper": "5834"
  }, 
  {
    "city": "Almenno San Salvatore", 
    "lat": "45.7500", 
    "lng": "9.5833", 
    "country": "Italy", 
    "iso2": "IT", 
    "admin_name": "Lombardy", 
    "capital": "", 
    "population": "5677", 
    "population_proper": "5677"
  }, 
  {
    "city": "Albisola Marina", 
    "lat": "44.3333", 
    "lng": "8.5000", 
    "country": "Italy", 
    "iso2": "IT", 
    "admin_name": "Liguria", 
    "capital": "", 
    "population": "5387", 
    "population_proper": "5387"
  }, 
  {
    "city": "Camposano", 
    "lat": "40.9500", 
    "lng": "14.5333", 
    "country": "Italy", 
    "iso2": "IT", 
    "admin_name": "Campania", 
    "capital": "", 
    "population": "5320", 
    "population_proper": "5320"
  }, 
  {
    "city": "Albizzate", 
    "lat": "45.7167", 
    "lng": "8.8000", 
    "country": "Italy", 
    "iso2": "IT", 
    "admin_name": "Lombardy", 
    "capital": "", 
    "population": "5299", 
    "population_proper": "5299"
  }, 
  {
    "city": "Castronno", 
    "lat": "45.7333", 
    "lng": "8.8000", 
    "country": "Italy", 
    "iso2": "IT", 
    "admin_name": "Lombardy", 
    "capital": "", 
    "population": "5253", 
    "population_proper": "5253"
  }, 
  {
    "city": "Trezzano Rosa", 
    "lat": "45.5833", 
    "lng": "9.4833", 
    "country": "Italy", 
    "iso2": "IT", 
    "admin_name": "Lombardy", 
    "capital": "", 
    "population": "5183", 
    "population_proper": "5183"
  }, 
  {
    "city": "Barzanò", 
    "lat": "45.7333", 
    "lng": "9.3167", 
    "country": "Italy", 
    "iso2": "IT", 
    "admin_name": "Lombardy", 
    "capital": "", 
    "population": "5101", 
    "population_proper": "5101"
  }, 
  {
    "city": "Arosio", 
    "lat": "45.7167", 
    "lng": "9.2167", 
    "country": "Italy", 
    "iso2": "IT", 
    "admin_name": "Lombardy", 
    "capital": "", 
    "population": "5019", 
    "population_proper": "5019"
  }, 
  {
    "city": "Lomagna", 
    "lat": "45.6667", 
    "lng": "9.3667", 
    "country": "Italy", 
    "iso2": "IT", 
    "admin_name": "Lombardy", 
    "capital": "", 
    "population": "5000", 
    "population_proper": "5000"
  }, 
  {
    "city": "Lacco Ameno", 
    "lat": "40.7500", 
    "lng": "13.8833", 
    "country": "Italy", 
    "iso2": "IT", 
    "admin_name": "Campania", 
    "capital": "", 
    "population": "4805", 
    "population_proper": "4805"
  }, 
  {
    "city": "Murano", 
    "lat": "45.4575", 
    "lng": "12.3536", 
    "country": "Italy", 
    "iso2": "IT", 
    "admin_name": "Veneto", 
    "capital": "", 
    "population": "4683", 
    "population_proper": "4683"
  }, 
  {
    "city": "Ponte Lambro", 
    "lat": "45.8333", 
    "lng": "9.2333", 
    "country": "Italy", 
    "iso2": "IT", 
    "admin_name": "Lombardy", 
    "capital": "", 
    "population": "4303", 
    "population_proper": "4303"
  }, 
  {
    "city": "Colonna", 
    "lat": "41.8333", 
    "lng": "12.7500", 
    "country": "Italy", 
    "iso2": "IT", 
    "admin_name": "Lazio", 
    "capital": "", 
    "population": "4290", 
    "population_proper": "4290"
  }, 
  {
    "city": "Malgrate", 
    "lat": "45.8489", 
    "lng": "9.3763", 
    "country": "Italy", 
    "iso2": "IT", 
    "admin_name": "Lombardy", 
    "capital": "", 
    "population": "4271", 
    "population_proper": "4271"
  }, 
  {
    "city": "Solbiate Arno", 
    "lat": "45.7167", 
    "lng": "8.8167", 
    "country": "Italy", 
    "iso2": "IT", 
    "admin_name": "Lombardy", 
    "capital": "", 
    "population": "4153", 
    "population_proper": "4153"
  }, 
  {
    "city": "Aci Bonaccorsi", 
    "lat": "37.6000", 
    "lng": "15.1167", 
    "country": "Italy", 
    "iso2": "IT", 
    "admin_name": "Sicilia", 
    "capital": "", 
    "population": "3529", 
    "population_proper": "3529"
  }, 
  {
    "city": "Bárcola", 
    "lat": "45.6794", 
    "lng": "13.7544", 
    "country": "Italy", 
    "iso2": "IT", 
    "admin_name": "Friuli Venezia Giulia", 
    "capital": "", 
    "population": "2801", 
    "population_proper": "2801"
  }, 
  {
    "city": "Pellestrina", 
    "lat": "45.2723", 
    "lng": "12.3008", 
    "country": "Italy", 
    "iso2": "IT", 
    "admin_name": "Veneto", 
    "capital": "", 
    "population": "2545", 
    "population_proper": "2545"
  }
]